{
  "requested_vocab_size": 19580,
  "status": "complete",
  "vocab_size": 19580,
  "num_files": 115277,
  "total_original_tokens": 2780005890,
  "total_bpe_tokens": 1861807398,
  "reduction_ratio": 0.6697134724415997,
  "compression_factor": 1.4931758746830375
}