{
  "requested_vocab_size": 23579,
  "status": "complete",
  "vocab_size": 23579,
  "num_files": 115355,
  "total_original_tokens": 2783415025,
  "total_bpe_tokens": 1659787031,
  "reduction_ratio": 0.596313167850346,
  "compression_factor": 1.6769711854677096
}