{
  "requested_vocab_size": 19581,
  "status": "complete",
  "vocab_size": 19581,
  "num_files": 115182,
  "total_original_tokens": 2778022295,
  "total_bpe_tokens": 1597441803,
  "reduction_ratio": 0.575028431512282,
  "compression_factor": 1.7390444458025742
}