{
  "requested_vocab_size": 19580,
  "status": "complete",
  "vocab_size": 19580,
  "num_files": 115277,
  "total_original_tokens": 2780005890,
  "total_bpe_tokens": 1598578094,
  "reduction_ratio": 0.5750268730545747,
  "compression_factor": 1.7390491590209418
}