{
  "requested_vocab_size": 19517,
  "status": "complete",
  "vocab_size": 19517,
  "num_files": 115277,
  "total_original_tokens": 2780005890,
  "total_bpe_tokens": 1791685890,
  "reduction_ratio": 0.6444899618540016,
  "compression_factor": 1.5516145466770406
}