{
  "requested_vocab_size": 19461,
  "status": "complete",
  "vocab_size": 19461,
  "num_files": 115277,
  "total_original_tokens": 2780005890,
  "total_bpe_tokens": 1258210078,
  "reduction_ratio": 0.4525925943272012,
  "compression_factor": 2.2094926265564374
}