{
  "requested_vocab_size": 12412,
  "status": "complete",
  "vocab_size": 12412,
  "num_files": 115182,
  "total_original_tokens": 2778022295,
  "total_bpe_tokens": 1897891003,
  "reduction_ratio": 0.6831806232858185,
  "compression_factor": 1.4637417483979716
}