{
  "requested_vocab_size": 15484,
  "status": "complete",
  "vocab_size": 15484,
  "num_files": 115182,
  "total_original_tokens": 2778022295,
  "total_bpe_tokens": 1697207835,
  "reduction_ratio": 0.610941041781668,
  "compression_factor": 1.6368191553864704
}