{
  "requested_vocab_size": 27772,
  "status": "complete",
  "vocab_size": 27772,
  "num_files": 115182,
  "total_original_tokens": 2778022295,
  "total_bpe_tokens": 1494024959,
  "reduction_ratio": 0.5378016446048717,
  "compression_factor": 1.8594216102383065
}