{
  "requested_vocab_size": 29581,
  "status": "complete",
  "vocab_size": 29581,
  "num_files": 115182,
  "total_original_tokens": 2778022295,
  "total_bpe_tokens": 1597454889,
  "reduction_ratio": 0.5750331420576306,
  "compression_factor": 1.739030199931987
}