{
  "requested_vocab_size": 19469,
  "status": "complete",
  "vocab_size": 19469,
  "num_files": 115277,
  "total_original_tokens": 2780005890,
  "total_bpe_tokens": 1313276769,
  "reduction_ratio": 0.4724007145898529,
  "compression_factor": 2.1168469248998036
}